FID,nom,x_min,y_min,x_max,y_max,url,gid,the_geom
ima_gestion_images.imaortho2018ecw5km8cmcc46ir.1,1830_5150_8cm_CC46_IR,1830000,5150000,1835000,5155000,https://download.data.grandlyon.com/files/grandlyon/imagerie/ortho2018/infrarouge/ecw/5km_8cm_IR_CC46/1830_5150_8cm_CC46_IR.ecw,1,"MULTIPOLYGON (((4.664621836699034 45.537887296006275, 4.6659607971661785 45.582867175425065, 4.730016433922547 45.581908130993526, 4.7286260226231285 45.53692902042981, 4.664621836699034 45.537887296006275)))"
ima_gestion_images.imaortho2018ecw5km8cmcc46ir.2,1830_5155_8cm_CC46_IR,1830000,5155000,1835000,5160000,https://download.data.grandlyon.com/files/grandlyon/imagerie/ortho2018/infrarouge/ecw/5km_8cm_IR_CC46/1830_5155_8cm_CC46_IR.ecw,2,"MULTIPOLYGON (((4.6659607971661785 45.582867175425065, 4.667301913073362 45.627846939613384, 4.7314090834100195 45.62688712567434, 4.730016433922547 45.581908130993526, 4.6659607971661785 45.582867175425065)))"
ima_gestion_images.imaortho2018ecw5km8cmcc46ir.3,1830_5160_8cm_CC46_IR,1830000,5160000,1835000,5165000,https://download.data.grandlyon.com/files/grandlyon/imagerie/ortho2018/infrarouge/ecw/5km_8cm_IR_CC46/1830_5160_8cm_CC46_IR.ecw,3,"MULTIPOLYGON (((4.667301913073362 45.627846939613384, 4.668645189628707 45.672826561109694, 4.732803976493362 45.67186597700954, 4.7314090834100195 45.62688712567434, 4.667301913073362 45.627846939613384)))"
ima_gestion_images.imaortho2018ecw5km8cmcc46ir.4,1830_5165_8cm_CC46_IR,1830000,5165000,1835000,5170000,https://download.data.grandlyon.com/files/grandlyon/imagerie/ortho2018/infrarouge/ecw/5km_8cm_IR_CC46/1830_5165_8cm_CC46_IR.ecw,4,"MULTIPOLYGON (((4.668645189628707 45.672826561109694, 4.669990632057133 45.7178060124318, 4.734201118597831 45.71684465751585, 4.732803976493362 45.67186597700954, 4.668645189628707 45.672826561109694)))"
ima_gestion_images.imaortho2018ecw5km8cmcc46ir.5,1830_5170_8cm_CC46_IR,1830000,5170000,1835000,5175000,https://download.data.grandlyon.com/files/grandlyon/imagerie/ortho2018/infrarouge/ecw/5km_8cm_IR_CC46/1830_5170_8cm_CC46_IR.ecw,5,"MULTIPOLYGON (((4.669990632057133 45.7178060124318, 4.671338245600415 45.76278526607689, 4.7356005151661815 45.76182313968926, 4.734201118597831 45.71684465751585, 4.669990632057133 45.7178060124318)))"
ima_gestion_images.imaortho2018ecw5km8cmcc46ir.6,1830_5175_8cm_CC46_IR,1830000,5175000,1835000,5180000,https://download.data.grandlyon.com/files/grandlyon/imagerie/ortho2018/infrarouge/ecw/5km_8cm_IR_CC46/1830_5175_8cm_CC46_IR.ecw,6,"MULTIPOLYGON (((4.671338245600415 45.76278526607689, 4.67268803551725 45.807764294521455, 4.7370021716587445 45.80680139600515, 4.7356005151661815 45.76182313968926, 4.671338245600415 45.76278526607689)))"
ima_gestion_images.imaortho2018ecw5km8cmcc46ir.7,1830_5180_8cm_CC46_IR,1830000,5180000,1835000,5185000,https://download.data.grandlyon.com/files/grandlyon/imagerie/ortho2018/infrarouge/ecw/5km_8cm_IR_CC46/1830_5180_8cm_CC46_IR.ecw,7,"MULTIPOLYGON (((4.67268803551725 45.807764294521455, 4.6740400070833354 45.852743070221536, 4.738406093553497 45.85177939891836, 4.7370021716587445 45.80680139600515, 4.67268803551725 45.807764294521455)))"
ima_gestion_images.imaortho2018ecw5km8cmcc46ir.8,1830_5185_8cm_CC46_IR,1830000,5185000,1835000,5190000,https://download.data.grandlyon.com/files/grandlyon/imagerie/ortho2018/infrarouge/ecw/5km_8cm_IR_CC46/1830_5185_8cm_CC46_IR.ecw,8,"MULTIPOLYGON (((4.6740400070833354 45.852743070221536, 4.675394165591426 45.89772156561252, 4.739812286346123 45.89675712086319, 4.738406093553497 45.85177939891836, 4.6740400070833354 45.852743070221536)))"
ima_gestion_images.imaortho2018ecw5km8cmcc46ir.9,1830_5190_8cm_CC46_IR,1830000,5190000,1835000,5195000,https://download.data.grandlyon.com/files/grandlyon/imagerie/ortho2018/infrarouge/ecw/5km_8cm_IR_CC46/1830_5190_8cm_CC46_IR.ecw,9,"MULTIPOLYGON (((4.675394165591426 45.89772156561252, 4.676750516351411 45.942699753109345, 4.741220755550108 45.941734534253364, 4.739812286346123 45.89675712086319, 4.675394165591426 45.89772156561252)))"
ima_gestion_images.imaortho2018ecw5km8cmcc46ir.10,1830_5195_8cm_CC46_IR,1830000,5195000,1835000,5200000,https://download.data.grandlyon.com/files/grandlyon/imagerie/ortho2018/infrarouge/ecw/5km_8cm_IR_CC46/1830_5195_8cm_CC46_IR.ecw,10,"MULTIPOLYGON (((4.676750516351411 45.942699753109345, 4.678109064690385 45.98767760510641, 4.742631506696788 45.98671161148216, 4.741220755550108 45.941734534253364, 4.676750516351411 45.942699753109345)))"
ima_gestion_images.imaortho2018ecw5km8cmcc46ir.11,1835_5150_8cm_CC46_IR,1835000,5150000,1840000,5155000,https://download.data.grandlyon.com/files/grandlyon/imagerie/ortho2018/infrarouge/ecw/5km_8cm_IR_CC46/1835_5150_8cm_CC46_IR.ecw,11,"MULTIPOLYGON (((4.7286260226231285 45.53692902042981, 4.730016433922547 45.581908130993526, 4.794069832493755 45.58091291354612, 4.792627975752509 45.53593460082227, 4.7286260226231285 45.53692902042981)))"
ima_gestion_images.imaortho2018ecw5km8cmcc46ir.12,1835_5155_8cm_CC46_IR,1835000,5155000,1840000,5160000,https://download.data.grandlyon.com/files/grandlyon/imagerie/ortho2018/infrarouge/ecw/5km_8cm_IR_CC46/1835_5155_8cm_CC46_IR.ecw,12,"MULTIPOLYGON (((4.730016433922547 45.581908130993526, 4.7314090834100195 45.62688712567434, 4.795514010153706 45.625891109710075, 4.794069832493755 45.58091291354612, 4.730016433922547 45.581908130993526)))"
ima_gestion_images.imaortho2018ecw5km8cmcc46ir.13,1835_5160_8cm_CC46_IR,1835000,5160000,1840000,5165000,https://download.data.grandlyon.com/files/grandlyon/imagerie/ortho2018/infrarouge/ecw/5km_8cm_IR_CC46/1835_5160_8cm_CC46_IR.ecw,13,"MULTIPOLYGON (((4.7314090834100195 45.62688712567434, 4.732803976493362 45.67186597700954, 4.796960514339805 45.670869161850284, 4.795514010153706 45.625891109710075, 4.7314090834100195 45.62688712567434)))"
ima_gestion_images.imaortho2018ecw5km8cmcc46ir.14,1835_5165_8cm_CC46_IR,1835000,5165000,1840000,5170000,https://download.data.grandlyon.com/files/grandlyon/imagerie/ortho2018/infrarouge/ecw/5km_8cm_IR_CC46/1835_5165_8cm_CC46_IR.ecw,14,"MULTIPOLYGON (((4.732803976493362 45.67186597700954, 4.734201118597831 45.71684465751585, 4.798409350677574 45.715847042482224, 4.796960514339805 45.670869161850284, 4.732803976493362 45.67186597700954)))"
ima_gestion_images.imaortho2018ecw5km8cmcc46ir.15,1835_5170_8cm_CC46_IR,1835000,5170000,1840000,5175000,https://download.data.grandlyon.com/files/grandlyon/imagerie/ortho2018/infrarouge/ecw/5km_8cm_IR_CC46/1835_5170_8cm_CC46_IR.ecw,15,"MULTIPOLYGON (((4.734201118597831 45.71684465751585, 4.7356005151661815 45.76182313968926, 4.799860524810678 45.76082472410072, 4.798409350677574 45.715847042482224, 4.734201118597831 45.71684465751585)))"
ima_gestion_images.imaortho2018ecw5km8cmcc46ir.16,1835_5175_8cm_CC46_IR,1835000,5175000,1840000,5180000,https://download.data.grandlyon.com/files/grandlyon/imagerie/ortho2018/infrarouge/ecw/5km_8cm_IR_CC46/1835_5175_8cm_CC46_IR.ecw,16,"MULTIPOLYGON (((4.7356005151661815 45.76182313968926, 4.7370021716587445 45.80680139600515, 4.801314042401006 45.805802179180006, 4.799860524810678 45.76082472410072, 4.7356005151661815 45.76182313968926)))"
ima_gestion_images.imaortho2018ecw5km8cmcc46ir.17,1835_5180_8cm_CC46_IR,1835000,5180000,1840000,5185000,https://download.data.grandlyon.com/files/grandlyon/imagerie/ortho2018/infrarouge/ecw/5km_8cm_IR_CC46/1835_5180_8cm_CC46_IR.ecw,17,"MULTIPOLYGON (((4.7370021716587445 45.80680139600515, 4.738406093553497 45.85177939891836, 4.8027699091287435 45.85077938017367, 4.801314042401006 45.805802179180006, 4.7370021716587445 45.80680139600515)))"
ima_gestion_images.imaortho2018ecw5km8cmcc46ir.18,1835_5185_8cm_CC46_IR,1835000,5185000,1840000,5190000,https://download.data.grandlyon.com/files/grandlyon/imagerie/ortho2018/infrarouge/ecw/5km_8cm_IR_CC46/1835_5185_8cm_CC46_IR.ecw,18,"MULTIPOLYGON (((4.738406093553497 45.85177939891836, 4.739812286346123 45.89675712086319, 4.804228130692445 45.89575629951482, 4.8027699091287435 45.85077938017367, 4.738406093553497 45.85177939891836)))"
ima_gestion_images.imaortho2018ecw5km8cmcc46ir.19,1835_5190_8cm_CC46_IR,1835000,5190000,1840000,5195000,https://download.data.grandlyon.com/files/grandlyon/imagerie/ortho2018/infrarouge/ecw/5km_8cm_IR_CC46/1835_5190_8cm_CC46_IR.ecw,19,"MULTIPOLYGON (((4.739812286346123 45.89675712086319, 4.741220755550108 45.941734534253364, 4.8056887128091015 45.94073290961597, 4.804228130692445 45.89575629951482, 4.739812286346123 45.89675712086319)))"
ima_gestion_images.imaortho2018ecw5km8cmcc46ir.20,1835_5195_8cm_CC46_IR,1835000,5195000,1840000,5200000,https://download.data.grandlyon.com/files/grandlyon/imagerie/ortho2018/infrarouge/ecw/5km_8cm_IR_CC46/1835_5195_8cm_CC46_IR.ecw,20,"MULTIPOLYGON (((4.741220755550108 45.941734534253364, 4.742631506696788 45.98671161148216, 4.80715166121423 45.9857091828692, 4.8056887128091015 45.94073290961597, 4.741220755550108 45.941734534253364)))"
ima_gestion_images.imaortho2018ecw5km8cmcc46ir.21,1840_5150_8cm_CC46_IR,1840000,5150000,1845000,5155000,https://download.data.grandlyon.com/files/grandlyon/imagerie/ortho2018/infrarouge/ecw/5km_8cm_IR_CC46/1840_5150_8cm_CC46_IR.ecw,21,"MULTIPOLYGON (((4.792627975752509 45.53593460082227, 4.794069832493755 45.58091291354612, 4.85812091014926 45.579881525008865, 4.856627613555617 45.53490403910645, 4.792627975752509 45.53593460082227)))"
ima_gestion_images.imaortho2018ecw5km8cmcc46ir.22,1840_5155_8cm_CC46_IR,1840000,5155000,1845000,5160000,https://download.data.grandlyon.com/files/grandlyon/imagerie/ortho2018/infrarouge/ecw/5km_8cm_IR_CC46/1840_5155_8cm_CC46_IR.ecw,22,"MULTIPOLYGON (((4.794069832493755 45.58091291354612, 4.795514010153706 45.625891109710075, 4.859616610374259 45.62485889364983, 4.85812091014926 45.579881525008865, 4.794069832493755 45.58091291354612)))"
ima_gestion_images.imaortho2018ecw5km8cmcc46ir.23,1840_5160_8cm_CC46_IR,1840000,5160000,1845000,5165000,https://download.data.grandlyon.com/files/grandlyon/imagerie/ortho2018/infrarouge/ecw/5km_8cm_IR_CC46/1840_5160_8cm_CC46_IR.ecw,23,"MULTIPOLYGON (((4.795514010153706 45.625891109710075, 4.796960514339805 45.670869161850284, 4.861114720037608 45.669836117564316, 4.859616610374259 45.62485889364983, 4.795514010153706 45.625891109710075)))"
ima_gestion_images.imaortho2018ecw5km8cmcc46ir.24,1840_5165_8cm_CC46_IR,1840000,5165000,1845000,5170000,https://download.data.grandlyon.com/files/grandlyon/imagerie/ortho2018/infrarouge/ecw/5km_8cm_IR_CC46/1840_5165_8cm_CC46_IR.ecw,24,"MULTIPOLYGON (((4.796960514339805 45.670869161850284, 4.798409350677574 45.715847042482224, 4.862615244965018 45.71481316926654, 4.861114720037608 45.669836117564316, 4.796960514339805 45.670869161850284)))"
ima_gestion_images.imaortho2018ecw5km8cmcc46ir.25,1840_5170_8cm_CC46_IR,1840000,5170000,1845000,5175000,https://download.data.grandlyon.com/files/grandlyon/imagerie/ortho2018/infrarouge/ecw/5km_8cm_IR_CC46/1840_5170_8cm_CC46_IR.ecw,25,"MULTIPOLYGON (((4.798409350677574 45.715847042482224, 4.799860524810678 45.76082472410072, 4.8641181910009985 45.759790021250126, 4.862615244965018 45.71481316926654, 4.798409350677574 45.715847042482224)))"
ima_gestion_images.imaortho2018ecw5km8cmcc46ir.26,1840_5175_8cm_CC46_IR,1840000,5175000,1845000,5180000,https://download.data.grandlyon.com/files/grandlyon/imagerie/ortho2018/infrarouge/ecw/5km_8cm_IR_CC46/1840_5175_8cm_CC46_IR.ecw,26,"MULTIPOLYGON (((4.799860524810678 45.76082472410072, 4.801314042401006 45.805802179180006, 4.86562356400892 45.804766645988046, 4.8641181910009985 45.759790021250126, 4.799860524810678 45.76082472410072)))"
ima_gestion_images.imaortho2018ecw5km8cmcc46ir.27,1840_5180_8cm_CC46_IR,1840000,5180000,1845000,5185000,https://download.data.grandlyon.com/files/grandlyon/imagerie/ortho2018/infrarouge/ecw/5km_8cm_IR_CC46/1840_5180_8cm_CC46_IR.ecw,27,"MULTIPOLYGON (((4.801314042401006 45.805802179180006, 4.8027699091287435 45.85077938017367, 4.867131369871104 45.84974301593267, 4.86562356400892 45.804766645988046, 4.801314042401006 45.805802179180006)))"
ima_gestion_images.imaortho2018ecw5km8cmcc46ir.28,1840_5185_8cm_CC46_IR,1840000,5185000,1845000,5190000,https://download.data.grandlyon.com/files/grandlyon/imagerie/ortho2018/infrarouge/ecw/5km_8cm_IR_CC46/1840_5185_8cm_CC46_IR.ecw,28,"MULTIPOLYGON (((4.8027699091287435 45.85077938017367, 4.804228130692445 45.89575629951482, 4.86864161448889 45.89471910351585, 4.867131369871104 45.84974301593267, 4.8027699091287435 45.85077938017367)))"
ima_gestion_images.imaortho2018ecw5km8cmcc46ir.29,1840_5190_8cm_CC46_IR,1840000,5190000,1845000,5195000,https://download.data.grandlyon.com/files/grandlyon/imagerie/ortho2018/infrarouge/ecw/5km_8cm_IR_CC46/1840_5190_8cm_CC46_IR.ecw,29,"MULTIPOLYGON (((4.804228130692445 45.89575629951482, 4.8056887128091015 45.94073290961597, 4.87015430378272 45.93969488114886, 4.86864161448889 45.89471910351585, 4.804228130692445 45.89575629951482)))"
ima_gestion_images.imaortho2018ecw5km8cmcc46ir.30,1840_5195_8cm_CC46_IR,1840000,5195000,1845000,5200000,https://download.data.grandlyon.com/files/grandlyon/imagerie/ortho2018/infrarouge/ecw/5km_8cm_IR_CC46/1840_5195_8cm_CC46_IR.ecw,30,"MULTIPOLYGON (((4.8056887128091015 45.94073290961597, 4.80715166121423 45.9857091828692, 4.871669443692203 45.98467032122252, 4.87015430378272 45.93969488114886, 4.8056887128091015 45.94073290961597)))"
ima_gestion_images.imaortho2018ecw5km8cmcc46ir.31,1845_5150_8cm_CC46_IR,1845000,5150000,1850000,5155000,https://download.data.grandlyon.com/files/grandlyon/imagerie/ortho2018/infrarouge/ecw/5km_8cm_IR_CC46/1845_5150_8cm_CC46_IR.ecw,31,"MULTIPOLYGON (((4.856627613555617 45.53490403910645, 4.85812091014926 45.579881525008865, 4.922169584176517 45.57881396737761, 4.9206248535188175 45.53383733727497, 4.856627613555617 45.53490403910645)))"
ima_gestion_images.imaortho2018ecw5km8cmcc46ir.32,1845_5155_8cm_CC46_IR,1845000,5155000,1850000,5160000,https://download.data.grandlyon.com/files/grandlyon/imagerie/ortho2018/infrarouge/ecw/5km_8cm_IR_CC46/1845_5155_8cm_CC46_IR.ecw,32,"MULTIPOLYGON (((4.85812091014926 45.579881525008865, 4.859616610374259 45.62485889364983, 4.923716801159582 45.62379047949279, 4.922169584176517 45.57881396737761, 4.85812091014926 45.579881525008865)))"
ima_gestion_images.imaortho2018ecw5km8cmcc46ir.33,1845_5160_8cm_CC46_IR,1845000,5160000,1850000,5165000,https://download.data.grandlyon.com/files/grandlyon/imagerie/ortho2018/infrarouge/ecw/5km_8cm_IR_CC46/1845_5160_8cm_CC46_IR.ecw,33,"MULTIPOLYGON (((4.859616610374259 45.62485889364983, 4.861114720037608 45.669836117564316, 4.925266510474478 45.66876684615411, 4.923716801159582 45.62379047949279, 4.859616610374259 45.62485889364983)))"
ima_gestion_images.imaortho2018ecw5km8cmcc46ir.34,1845_5165_8cm_CC46_IR,1845000,5165000,1850000,5170000,https://download.data.grandlyon.com/files/grandlyon/imagerie/ortho2018/infrarouge/ecw/5km_8cm_IR_CC46/1845_5165_8cm_CC46_IR.ecw,34,"MULTIPOLYGON (((4.861114720037608 45.669836117564316, 4.862615244965018 45.71481316926654, 4.926818718147038 45.713743039874586, 4.925266510474478 45.66876684615411, 4.861114720037608 45.669836117564316)))"
ima_gestion_images.imaortho2018ecw5km8cmcc46ir.35,1845_5170_8cm_CC46_IR,1845000,5170000,1850000,5175000,https://download.data.grandlyon.com/files/grandlyon/imagerie/ortho2018/infrarouge/ecw/5km_8cm_IR_CC46/1845_5170_8cm_CC46_IR.ecw,35,"MULTIPOLYGON (((4.862615244965018 45.71481316926654, 4.8641181910009985 45.759790021250126, 4.928373430222532 45.75871903314657, 4.926818718147038 45.713743039874586, 4.862615244965018 45.71481316926654)))"
ima_gestion_images.imaortho2018ecw5km8cmcc46ir.36,1845_5175_8cm_CC46_IR,1845000,5175000,1850000,5180000,https://download.data.grandlyon.com/files/grandlyon/imagerie/ortho2018/infrarouge/ecw/5km_8cm_IR_CC46/1845_5175_8cm_CC46_IR.ecw,36,"MULTIPOLYGON (((4.8641181910009985 45.759790021250126, 4.86562356400892 45.804766645988046, 4.929930652765741 45.80369479844175, 4.928373430222532 45.75871903314657, 4.8641181910009985 45.759790021250126)))"
ima_gestion_images.imaortho2018ecw5km8cmcc46ir.37,1845_5180_8cm_CC46_IR,1845000,5180000,1850000,5185000,https://download.data.grandlyon.com/files/grandlyon/imagerie/ortho2018/infrarouge/ecw/5km_8cm_IR_CC46/1845_5180_8cm_CC46_IR.ecw,37,"MULTIPOLYGON (((4.86562356400892 45.804766645988046, 4.867131369871104 45.84974301593267, 4.931490391861044 45.84867030821119, 4.929930652765741 45.80369479844175, 4.86562356400892 45.804766645988046)))"
ima_gestion_images.imaortho2018ecw5km8cmcc46ir.38,1845_5185_8cm_CC46_IR,1845000,5185000,1850000,5190000,https://download.data.grandlyon.com/files/grandlyon/imagerie/ortho2018/infrarouge/ecw/5km_8cm_IR_CC46/1845_5185_8cm_CC46_IR.ecw,38,"MULTIPOLYGON (((4.867131369871104 45.84974301593267, 4.86864161448889 45.89471910351585, 4.933052653612493 45.89364553488547, 4.931490391861044 45.84867030821119, 4.867131369871104 45.84974301593267)))"
ima_gestion_images.imaortho2018ecw5km8cmcc46ir.39,1845_5190_8cm_CC46_IR,1845000,5190000,1850000,5195000,https://download.data.grandlyon.com/files/grandlyon/imagerie/ortho2018/infrarouge/ecw/5km_8cm_IR_CC46/1845_5190_8cm_CC46_IR.ecw,39,"MULTIPOLYGON (((4.86864161448889 45.89471910351585, 4.87015430378272 45.93969488114886, 4.93461744414389 45.93862045087457, 4.933052653612493 45.89364553488547, 4.86864161448889 45.89471910351585)))"
ima_gestion_images.imaortho2018ecw5km8cmcc46ir.40,1850_5155_8cm_CC46_IR,1850000,5155000,1855000,5160000,https://download.data.grandlyon.com/files/grandlyon/imagerie/ortho2018/infrarouge/ecw/5km_8cm_IR_CC46/1850_5155_8cm_CC46_IR.ecw,40,"MULTIPOLYGON (((4.922169584176517 45.57881396737761, 4.923716801159582 45.62379047949279, 4.987814499616297 45.622685869308114, 4.986215771881628 45.57771024271819, 4.922169584176517 45.57881396737761)))"
ima_gestion_images.imaortho2018ecw5km8cmcc46ir.41,1850_5160_8cm_CC46_IR,1850000,5160000,1855000,5165000,https://download.data.grandlyon.com/files/grandlyon/imagerie/ortho2018/infrarouge/ecw/5km_8cm_IR_CC46/1850_5160_8cm_CC46_IR.ecw,41,"MULTIPOLYGON (((4.923716801159582 45.62379047949279, 4.925266510474478 45.66876684615411, 4.989415802556923 45.66766134969232, 4.987814499616297 45.622685869308114, 4.923716801159582 45.62379047949279)))"
ima_gestion_images.imaortho2018ecw5km8cmcc46ir.42,1850_5165_8cm_CC46_IR,1850000,5165000,1855000,5170000,https://download.data.grandlyon.com/files/grandlyon/imagerie/ortho2018/infrarouge/ecw/5km_8cm_IR_CC46/1850_5165_8cm_CC46_IR.ecw,42,"MULTIPOLYGON (((4.925266510474478 45.66876684615411, 4.926818718147038 45.713743039874586, 4.99101968692938 45.712636656382486, 4.989415802556923 45.66766134969232, 4.925266510474478 45.66876684615411)))"
ima_gestion_images.imaortho2018ecw5km8cmcc46ir.43,1850_5170_8cm_CC46_IR,1850000,5170000,1855000,5175000,https://download.data.grandlyon.com/files/grandlyon/imagerie/ortho2018/infrarouge/ecw/5km_8cm_IR_CC46/1850_5170_8cm_CC46_IR.ecw,43,"MULTIPOLYGON (((4.926818718147038 45.713743039874586, 4.928373430222532 45.75871903314657, 4.992626158979618 45.757611761869605, 4.99101968692938 45.712636656382486, 4.926818718147038 45.713743039874586)))"
ima_gestion_images.imaortho2018ecw5km8cmcc46ir.44,1850_5175_8cm_CC46_IR,1850000,5175000,1855000,5180000,https://download.data.grandlyon.com/files/grandlyon/imagerie/ortho2018/infrarouge/ecw/5km_8cm_IR_CC46/1850_5175_8cm_CC46_IR.ecw,44,"MULTIPOLYGON (((4.928373430222532 45.75871903314657, 4.929930652765741 45.80369479844175, 4.994235224973749 45.80258663862405, 4.992626158979618 45.757611761869605, 4.928373430222532 45.75871903314657)))"
ima_gestion_images.imaortho2018ecw5km8cmcc46ir.45,1850_5180_8cm_CC46_IR,1850000,5180000,1855000,5185000,https://download.data.grandlyon.com/files/grandlyon/imagerie/ortho2018/infrarouge/ecw/5km_8cm_IR_CC46/1850_5180_8cm_CC46_IR.ecw,45,"MULTIPOLYGON (((4.929930652765741 45.80369479844175, 4.931490391861044 45.84867030821119, 4.995846891198133 45.84756125909566, 4.994235224973749 45.80258663862405, 4.929930652765741 45.80369479844175)))"
ima_gestion_images.imaortho2018ecw5km8cmcc46ir.46,1850_5185_8cm_CC46_IR,1850000,5185000,1855000,5190000,https://download.data.grandlyon.com/files/grandlyon/imagerie/ortho2018/infrarouge/ecw/5km_8cm_IR_CC46/1850_5185_8cm_CC46_IR.ecw,46,"MULTIPOLYGON (((4.931490391861044 45.84867030821119, 4.933052653612493 45.89364553488547, 4.997461163959449 45.89253559571358, 4.995846891198133 45.84756125909566, 4.931490391861044 45.84867030821119)))"
ima_gestion_images.imaortho2018ecw5km8cmcc46ir.47,1855_5155_8cm_CC46_IR,1855000,5155000,1860000,5160000,https://download.data.grandlyon.com/files/grandlyon/imagerie/ortho2018/infrarouge/ecw/5km_8cm_IR_CC46/1855_5155_8cm_CC46_IR.ecw,47,"MULTIPOLYGON (((4.986215771881628 45.57771024271819, 4.987814499616297 45.622685869308114, 5.051909622870386 45.6215450652351, 5.050259390589969 45.5765703531663, 4.986215771881628 45.57771024271819)))"
ima_gestion_images.imaortho2018ecw5km8cmcc46ir.48,1855_5160_8cm_CC46_IR,1855000,5160000,1860000,5165000,https://download.data.grandlyon.com/files/grandlyon/imagerie/ortho2018/infrarouge/ecw/5km_8cm_IR_CC46/1855_5160_8cm_CC46_IR.ecw,48,"MULTIPOLYGON (((4.987814499616297 45.622685869308114, 4.989415802556923 45.66766134969232, 5.053562513210886 45.666519630321716, 5.051909622870386 45.6215450652351, 4.987814499616297 45.622685869308114)))"
ima_gestion_images.imaortho2018ecw5km8cmcc46ir.49,1855_5165_8cm_CC46_IR,1855000,5165000,1860000,5170000,https://download.data.grandlyon.com/files/grandlyon/imagerie/ortho2018/infrarouge/ecw/5km_8cm_IR_CC46/1855_5165_8cm_CC46_IR.ecw,49,"MULTIPOLYGON (((4.989415802556923 45.66766134969232, 4.99101968692938 45.712636656382486, 5.055218068037299 45.71149402093648, 5.053562513210886 45.666519630321716, 4.989415802556923 45.66766134969232)))"
ima_gestion_images.imaortho2018ecw5km8cmcc46ir.50,1855_5170_8cm_CC46_IR,1855000,5170000,1860000,5175000,https://download.data.grandlyon.com/files/grandlyon/imagerie/ortho2018/infrarouge/ecw/5km_8cm_IR_CC46/1855_5170_8cm_CC46_IR.ecw,50,"MULTIPOLYGON (((4.99101968692938 45.712636656382486, 4.992626158979618 45.757611761869605, 5.056876293796178 45.75646820956907, 5.055218068037299 45.71149402093648, 4.99101968692938 45.712636656382486)))"
ima_gestion_images.imaortho2018ecw5km8cmcc46ir.51,1855_5175_8cm_CC46_IR,1855000,5175000,1860000,5180000,https://download.data.grandlyon.com/files/grandlyon/imagerie/ortho2018/infrarouge/ecw/5km_8cm_IR_CC46/1855_5175_8cm_CC46_IR.ecw,51,"MULTIPOLYGON (((4.992626158979618 45.757611761869605, 4.994235224973749 45.80258663862405, 5.058537196954892 45.801442168688475, 5.056876293796178 45.75646820956907, 4.992626158979618 45.757611761869605)))"
ima_gestion_images.imaortho2018ecw5km8cmcc46ir.52,1855_5180_8cm_CC46_IR,1855000,5180000,1860000,5185000,https://download.data.grandlyon.com/files/grandlyon/imagerie/ortho2018/infrarouge/ecw/5km_8cm_IR_CC46/1855_5180_8cm_CC46_IR.ecw,52,"MULTIPOLYGON (((4.994235224973749 45.80258663862405, 4.995846891198133 45.84756125909566, 5.060200784001688 45.846415870743094, 5.058537196954892 45.801442168688475, 4.994235224973749 45.80258663862405)))"
ima_gestion_images.imaortho2018ecw5km8cmcc46ir.53,1855_5185_8cm_CC46_IR,1855000,5185000,1860000,5190000,https://download.data.grandlyon.com/files/grandlyon/imagerie/ortho2018/infrarouge/ecw/5km_8cm_IR_CC46/1855_5185_8cm_CC46_IR.ecw,53,"MULTIPOLYGON (((4.995846891198133 45.84756125909566, 4.997461163959449 45.89253559571358, 5.061867061445799 45.89138928816078, 5.060200784001688 45.846415870743094, 4.995846891198133 45.84756125909566)))"
ima_gestion_images.imaortho2018ecw5km8cmcc46ir.54,1860_5155_8cm_CC46_IR,1860000,5155000,1865000,5160000,https://download.data.grandlyon.com/files/grandlyon/imagerie/ortho2018/infrarouge/ecw/5km_8cm_IR_CC46/1860_5155_8cm_CC46_IR.ecw,54,"MULTIPOLYGON (((5.050259390589969 45.5765703531663, 5.051909622870386 45.6215450652351, 5.116002088067833 45.62036806948289, 5.114300357646841 45.57539430092745, 5.050259390589969 45.5765703531663)))"
ima_gestion_images.imaortho2018ecw5km8cmcc46ir.55,1860_5160_8cm_CC46_IR,1860000,5160000,1865000,5165000,https://download.data.grandlyon.com/files/grandlyon/imagerie/ortho2018/infrarouge/ecw/5km_8cm_IR_CC46/1860_5160_8cm_CC46_IR.ecw,55,"MULTIPOLYGON (((5.051909622870386 45.6215450652351, 5.053562513210886 45.666519630321716, 5.117706559382392 45.665341690255154, 5.116002088067833 45.62036806948289, 5.051909622870386 45.6215450652351)))"
ima_gestion_images.imaortho2018ecw5km8cmcc46ir.56,1860_5165_8cm_CC46_IR,1860000,5165000,1865000,5170000,https://download.data.grandlyon.com/files/grandlyon/imagerie/ortho2018/infrarouge/ecw/5km_8cm_IR_CC46/1860_5165_8cm_CC46_IR.ecw,56,"MULTIPOLYGON (((5.053562513210886 45.666519630321716, 5.055218068037299 45.71149402093648, 5.119413778216221 45.71031513575318, 5.117706559382392 45.665341690255154, 5.053562513210886 45.666519630321716)))"
ima_gestion_images.imaortho2018ecw5km8cmcc46ir.57,1860_5170_8cm_CC46_IR,1860000,5170000,1865000,5175000,https://download.data.grandlyon.com/files/grandlyon/imagerie/ortho2018/infrarouge/ecw/5km_8cm_IR_CC46/1860_5170_8cm_CC46_IR.ecw,57,"MULTIPOLYGON (((5.055218068037299 45.71149402093648, 5.056876293796178 45.75646820956907, 5.121123751216395 45.75528837846521, 5.119413778216221 45.71031513575318, 5.055218068037299 45.71149402093648)))"
ima_gestion_images.imaortho2018ecw5km8cmcc46ir.58,1860_5175_8cm_CC46_IR,1860000,5175000,1865000,5180000,https://download.data.grandlyon.com/files/grandlyon/imagerie/ortho2018/infrarouge/ecw/5km_8cm_IR_CC46/1860_5175_8cm_CC46_IR.ecw,58,"MULTIPOLYGON (((5.056876293796178 45.75646820956907, 5.058537196954892 45.801442168688475, 5.122836485051445 45.80026139085884, 5.121123751216395 45.75528837846521, 5.056876293796178 45.75646820956907)))"
ima_gestion_images.imaortho2018ecw5km8cmcc46ir.59,1860_5180_8cm_CC46_IR,1860000,5180000,1865000,5185000,https://download.data.grandlyon.com/files/grandlyon/imagerie/ortho2018/infrarouge/ecw/5km_8cm_IR_CC46/1860_5180_8cm_CC46_IR.ecw,59,"MULTIPOLYGON (((5.058537196954892 45.801442168688475, 5.060200784001688 45.846415870743094, 5.124551986411435 45.84523414538109, 5.122836485051445 45.80026139085884, 5.058537196954892 45.801442168688475)))"
ima_gestion_images.imaortho2018ecw5km8cmcc46ir.60,1860_5185_8cm_CC46_IR,1860000,5185000,1865000,5190000,https://download.data.grandlyon.com/files/grandlyon/imagerie/ortho2018/infrarouge/ecw/5km_8cm_IR_CC46/1860_5185_8cm_CC46_IR.ecw,60,"MULTIPOLYGON (((5.060200784001688 45.846415870743094, 5.061867061445799 45.89138928816078, 5.126270262008062 45.890206614458386, 5.124551986411435 45.84523414538109, 5.060200784001688 45.846415870743094)))"
ima_gestion_images.imaortho2018ecw5km8cmcc46ir.61,1865_5155_8cm_CC46_IR,1865000,5155000,1870000,5160000,https://download.data.grandlyon.com/files/grandlyon/imagerie/ortho2018/infrarouge/ecw/5km_8cm_IR_CC46/1865_5155_8cm_CC46_IR.ecw,61,"MULTIPOLYGON (((5.114300357646841 45.57539430092745, 5.116002088067833 45.62036806948289, 5.18009181237526 45.619154884330676, 5.1783385904181065 45.57418208827711, 5.114300357646841 45.57539430092745)))"
ima_gestion_images.imaortho2018ecw5km8cmcc46ir.62,1865_5160_8cm_CC46_IR,1865000,5160000,1870000,5165000,https://download.data.grandlyon.com/files/grandlyon/imagerie/ortho2018/infrarouge/ecw/5km_8cm_IR_CC46/1865_5160_8cm_CC46_IR.ecw,62,"MULTIPOLYGON (((5.116002088067833 45.62036806948289, 5.117706559382392 45.665341690255154, 5.181847858038185 45.664127531775584, 5.18009181237526 45.619154884330676, 5.116002088067833 45.62036806948289)))"
ima_gestion_images.imaortho2018ecw5km8cmcc46ir.63,1865_5165_8cm_CC46_IR,1865000,5165000,1870000,5170000,https://download.data.grandlyon.com/files/grandlyon/imagerie/ortho2018/infrarouge/ecw/5km_8cm_IR_CC46/1865_5165_8cm_CC46_IR.ecw,63,"MULTIPOLYGON (((5.117706559382392 45.665341690255154, 5.119413778216221 45.71031513575318, 5.18360673423237 45.709100003119254, 5.181847858038185 45.664127531775584, 5.117706559382392 45.665341690255154)))"
ima_gestion_images.imaortho2018ecw5km8cmcc46ir.64,1865_5170_8cm_CC46_IR,1865000,5170000,1870000,5175000,https://download.data.grandlyon.com/files/grandlyon/imagerie/ortho2018/infrarouge/ecw/5km_8cm_IR_CC46/1865_5170_8cm_CC46_IR.ecw,64,"MULTIPOLYGON (((5.119413778216221 45.71031513575318, 5.121123751216395 45.75528837846521, 5.185368447805326 45.75407227084848, 5.18360673423237 45.709100003119254, 5.119413778216221 45.71031513575318)))"
